{
  "project_info": {
    "project_number": "166858041248",
    "firebase_url": "https://gambang-kromong.firebaseio.com",
    "project_id": "gambang-kromong",
    "storage_bucket": "gambang-kromong.appspot.com"
  },
  "client": [
    {
      "client_info": {
        "mobilesdk_app_id": "1:166858041248:android:34412e05fd370948",
        "android_client_info": {
          "package_name": "com.contoh.bugsbunny.gbk"
        }
      },
      "oauth_client": [
        {
          "client_id": "166858041248-su9m9j5brc95opee7fjfjkibhu9hihm0.apps.googleusercontent.com",
          "client_type": 3
        }
      ],
      "api_key": [
        {
          "current_key": "AIzaSyBkV-QpegfYM5YlEF_0mDsVdgoB9ngRLPs"
        }
      ],
      "services": {
        "analytics_service": {
          "status": 1
        },
        "appinvite_service": {
          "status": 1,
          "other_platform_oauth_client": []
        },
        "ads_service": {
          "status": 2
        }
      }
    }
  ],
  "configuration_version": "1"
}